{"stats":{"minecraft:used":{"alexsmobs:animal_dictionary":1,"alexsmobs:spawn_egg_mimic_octopus":1,"alexsmobs:spawn_egg_straddler":1},"minecraft:mined":{"minecraft:grass":6},"minecraft:custom":{"minecraft:jump":10,"minecraft:time_since_rest":3639,"minecraft:damage_dealt":20,"minecraft:crouch_one_cm":144,"minecraft:play_one_minute":3639,"minecraft:leave_game":6,"minecraft:sprint_one_cm":633,"minecraft:time_since_death":3639,"minecraft:walk_one_cm":2362,"minecraft:sneak_time":22,"minecraft:fall_one_cm":418,"minecraft:fly_one_cm":2887}},"DataVersion":2586}